Video ID,Video Title,Video Date,Video Views,Video Likes,Video Comment Count,Video URL,Spam Filtered
_1lKwm3VSgw,Băsescu despre rezultatele alegerilor și despre rezultatele din Diaspora,2025-05-18T19:03:46Z,102694,1714,872,https://www.youtube.com/watch?v=_1lKwm3VSgw,0
_2Hh9Ft2dJQ,"George Simion, după anunțarea rezultatelor exit poll: „Suntem câștigătorii clari”",2025-05-18T18:30:39Z,66050,702,946,https://www.youtube.com/watch?v=_2Hh9Ft2dJQ,0
_AkLQ7SIiiQ,GEORGE SIMION,2025-05-14T12:10:56Z,339403,13970,933,https://www.youtube.com/watch?v=_AkLQ7SIiiQ,0
09x8b3DhNow,"Prima dezbatere prezidențială George Simion – Nicușor Dan, joi, la Euronews România, ora 20",2025-05-07T13:21:00Z,29867,316,252,https://www.youtube.com/watch?v=09x8b3DhNow,0
0YWG_NvcI-s,"George Simion și Nicușor Dan, față-n față la Congresul Blocului Național Sindical",2025-05-07T15:11:35Z,132203,1635,1921,https://www.youtube.com/watch?v=0YWG_NvcI-s,0
1mL3YUxrijU,"PORTRET DE CANDIDAT. George Simion, șeful de galerie care vrea să devină șef de stat",2024-11-15T15:59:19Z,396833,8965,2014,https://www.youtube.com/watch?v=1mL3YUxrijU,0
1N76UD-o95I,Dezbatere prezidențială George Simion - Nicușor Dan la Euronews România,2025-05-08T21:28:57Z,1671054,31082,17890,https://www.youtube.com/watch?v=1N76UD-o95I,0
4CtisLD6WtA,14 MAI 2025. De ce „fugem” de dezbatere?,2025-05-14T17:28:31Z,185819,8283,1314,https://www.youtube.com/watch?v=4CtisLD6WtA,0
50yoA_vHIwk,"Președintele ales, Nicușor Dan, interviu cu Andreea Esca la Știrile ProTV",2025-05-21T08:17:34Z,369969,9379,1776,https://www.youtube.com/watch?v=50yoA_vHIwk,0
5TO_3tCZAuo,LIVE Rezultate alegeri prezidențiale 2025. Nicușor Dan este noul președinte al României,2025-05-18T22:52:55Z,240421,3090,207,https://www.youtube.com/watch?v=5TO_3tCZAuo,0
6j03mKPXR6o,"Becali explică de ce a pierdut Simion alegerile: ""Nimeni nu se aştepta, era ca şi câştigător""",2025-05-19T07:15:21Z,137894,1855,1173,https://www.youtube.com/watch?v=6j03mKPXR6o,0
6lPg84XVE0A,Cum a arătat prima dezbatere Nicuşor Dan - George Simion pentru turul 2. Planurile candidaților,2025-05-09T05:41:19Z,61301,816,781,https://www.youtube.com/watch?v=6lPg84XVE0A,0
6X9u2MlUIlg,NICUȘOR DAN ESTE NOUL PREȘEDINTE AL ROMÂNIEI,2025-05-20T16:50:52Z,52043,1413,113,https://www.youtube.com/watch?v=6X9u2MlUIlg,0
7-vNKOKvcrk,"Nicusor Dan: ""Este o chestiune de moralitate, dar..."" | Aproximativ Discutii SPECIAL cu Gojira",2024-12-18T17:00:08Z,324413,10971,2541,https://www.youtube.com/watch?v=7-vNKOKvcrk,0
81nMmnc1yis,9 MAI 2025. Box electoral fără mănuși,2025-05-09T17:34:20Z,316036,9552,1957,https://www.youtube.com/watch?v=81nMmnc1yis,0
8CaLdelDxYI,Știrile Euronews România - de la ora 9:00 - 19 mai 2025,2025-05-19T08:21:58Z,18237,263,85,https://www.youtube.com/watch?v=8CaLdelDxYI,0
8G6dvVtO79Q,"Drumul lui Nicuşor Dan, de la crescut oi şi dat la sapă până la Cotroceni",2025-05-19T18:32:38Z,195717,4730,1145,https://www.youtube.com/watch?v=8G6dvVtO79Q,0
9m6gWbxVinY,George Simion: Am câștigat! Sunt noul președinte al României,2025-05-18T19:15:10Z,53687,576,666,https://www.youtube.com/watch?v=9m6gWbxVinY,0
A9CnfvG0rGQ,Nicusor Dan vs George Simion (DEZBATERE EURONEWS) | Codin reactioneaza,2025-05-12T08:48:00Z,128353,5743,562,https://www.youtube.com/watch?v=A9CnfvG0rGQ,0
AQG8N-6rUfg,"EXIT-POLL-N.DAN-54,9%;SIMION-45,1%. DISCURS N.DAN:„DE MÂINE, TOȚI SĂ ÎNCEPEM RECONSTRUCȚIA ROMÂNIEI”",2025-05-18T18:09:35Z,6574,180,121,https://www.youtube.com/watch?v=AQG8N-6rUfg,0
b9zXw8KHi0A,"5 MAI 2025. Simion, în galop spre Cotroceni",2025-05-05T17:09:41Z,191366,6673,1674,https://www.youtube.com/watch?v=b9zXw8KHi0A,0
bnSCfpeoGlk,"Nicușor Dan, aclamat de zeci de mii de oameni în Polonia, la marșul de susținere al lui Trzaskowski",2025-05-25T11:05:17Z,141246,6735,1697,https://www.youtube.com/watch?v=bnSCfpeoGlk,0
Cdhh1zq_cL4,MOMENTE: NOAPTEA ALEGERILOR (TURUL 2) | Codin reactioneaza,2025-05-22T11:44:54Z,55894,2505,137,https://www.youtube.com/watch?v=Cdhh1zq_cL4,0
CPFfdGhZzzM,"George Simion și Călin Georgescu, împreună la vot",2025-05-18T05:49:33Z,64782,777,784,https://www.youtube.com/watch?v=CPFfdGhZzzM,0
CxZXmCKrBeE,Simion și-a recunoscut înfrângerea în fața lui Nicușor Dan: „Sper că v-am reprezentat cu cinste”,2025-05-18T22:49:33Z,78583,0,1027,https://www.youtube.com/watch?v=CxZXmCKrBeE,0
CYei4nULHPs,"DEZBATERE NICUȘOR VS SIMION, SCANDALUL LUI SELLY, PSD-UL SE CEARTĂ",2025-05-11T08:00:22Z,264947,7122,656,https://www.youtube.com/watch?v=CYei4nULHPs,0
D_mLcsKz7ok,Ce şanse are Nicuşor Dan să îl învingă pe George Simion în turul II,2025-05-05T17:18:30Z,85781,1270,1824,https://www.youtube.com/watch?v=D_mLcsKz7ok,0
d9U66yU8dYE,🔴LIVE | M.C.N. Podcast cu Candidații la Prezidențiale: Nicușor Dan și George Simion,2025-05-14T15:38:29Z,1809711,59220,7252,https://www.youtube.com/watch?v=d9U66yU8dYE,0
dd-XwZrbTpY,Simpatizanții lui Nicușor Dan s-au strâns la sediul de partid și îi scandează numele,2025-05-18T20:00:10Z,1685,13,37,https://www.youtube.com/watch?v=dd-XwZrbTpY,0
dkqZwTWqWSE,Nicușor Dan a câștigat alegerile prezidențiale: E victoria voastră. România începe o nouă etapă,2025-05-18T22:01:17Z,26669,584,474,https://www.youtube.com/watch?v=dkqZwTWqWSE,0
F3_3NlzeEpM,"50 de români, o dilemă: încotro ne îndreptăm?",2025-05-11T08:59:04Z,911398,32345,7118,https://www.youtube.com/watch?v=F3_3NlzeEpM,0
GLGf0Fm9RZ0,Nicușor Dan a aflat în direct la Digi24 că a devenit Președintele României,2025-05-18T21:16:07Z,132074,0,857,https://www.youtube.com/watch?v=GLGf0Fm9RZ0,0
Gqw7frXsJMY,CE FACEM ACUM?,2025-05-08T14:36:42Z,286569,11043,926,https://www.youtube.com/watch?v=Gqw7frXsJMY,0
GZps8nyanp0,"Călinescu: “Dacă Simion ajunge la Cotroceni, o să ne explice altceva decât a spus până acum”",2025-05-09T11:00:22Z,209381,3639,856,https://www.youtube.com/watch?v=GZps8nyanp0,0
hxopVALP5I4,"“Simion și-a jucat ROLUL PERFECT!” Ion Cristoiu, despre mutările liderului AUR",2025-05-19T15:30:32Z,57227,1263,472,https://www.youtube.com/watch?v=hxopVALP5I4,0
i3kfDCPNonM,PORTRET DE CANDIDAT: George Simion,2025-04-28T11:59:04Z,1000471,24763,6088,https://www.youtube.com/watch?v=i3kfDCPNonM,0
iFrEJJYt4Mg,De Ce Nu A Vrut George Simion Să Fie Președinte,2025-05-13T18:02:19Z,102483,6658,697,https://www.youtube.com/watch?v=iFrEJJYt4Mg,0
iU2aJ0Y_b6I,"Planul lui George Simion pentru Călin Georgescu, dacă ajunge preşedintele României",2025-05-05T06:13:28Z,133571,2624,1471,https://www.youtube.com/watch?v=iU2aJ0Y_b6I,0
IWSWuh_qB58,Cum au celebrat românii victoria lui Nicușor Dan în orașele din țară,2025-05-19T08:27:36Z,33754,838,476,https://www.youtube.com/watch?v=IWSWuh_qB58,0
K2hpIH8uO2I,INTERVIU. Finală Simion-Nicușor: „Necunoscuta mare e PSD”,2025-05-05T13:37:03Z,259970,8436,1421,https://www.youtube.com/watch?v=K2hpIH8uO2I,0
k5ZICSBJr9s,15 MAI 2025. Două derapaje majore în goana către Cotroceni,2025-05-15T16:54:41Z,216258,8523,2135,https://www.youtube.com/watch?v=k5ZICSBJr9s,0
KDV9kLUCOCw,"Prezidențiale 2025, tur 2. Românii votează: Secțiile de votare din toată țara au fost deschise",2025-05-18T04:39:08Z,26079,406,373,https://www.youtube.com/watch?v=KDV9kLUCOCw,0
kKZ4cjBtt7E,"Cum a fost surprins Nicușor Dan alături de fiica sa, după victoria la alegerile prezidențiale",2025-05-20T07:33:44Z,26691,509,193,https://www.youtube.com/watch?v=kKZ4cjBtt7E,0
Mc1tgSTfHgg,"Dezbaterea Nicușor Dan-George Simion, analizată de experți în comunicare: Poate răsturna scorul",2025-05-09T11:56:47Z,103198,1283,730,https://www.youtube.com/watch?v=Mc1tgSTfHgg,0
mHgS5oYashY,"Sondaj CURS pentru alegerile prezidențiale 2025, turul 2: George Simion - 52%, Nicușor Dan - 48%",2025-05-13T14:22:07Z,23029,208,338,https://www.youtube.com/watch?v=mHgS5oYashY,0
Mmtl696_lzY,"George Simion își revendică victoria în alegeri. „Eu sunt Președintele României""",2025-05-18T18:28:18Z,43058,290,274,https://www.youtube.com/watch?v=Mmtl696_lzY,0
MXK6ICmlCJo,LIVE: Nicușor Dan este invitatul Andreei Esca la Știrile PRO TV,2025-05-13T16:23:48Z,208814,5757,1622,https://www.youtube.com/watch?v=MXK6ICmlCJo,0
n57lxTC1c7Q,"Prezenţă istorică la vot, în Diaspora. Vot masiv în UK,  Italia, Germania, R. Moldova şi Spania",2025-05-17T06:27:50Z,98098,1333,1125,https://www.youtube.com/watch?v=n57lxTC1c7Q,0
nkJr2ylMtFc,"Exclusiv: Crin Antonescu, mesaj în direct înainte de alegeri",2025-05-12T08:03:40Z,58443,527,416,https://www.youtube.com/watch?v=nkJr2ylMtFc,0
O_sU3ugKbUM,"Prezență record la vot și o Românie împărțită. Victoria lui Nicușor Dan, în cifre",2025-05-19T04:22:38Z,73059,931,496,https://www.youtube.com/watch?v=O_sU3ugKbUM,0
OAvV4JYe3zI,George Simion - candidat Alianța pentru Unirea Românilor | Aproximativ Discutii ALEGERI 2025,2025-04-14T15:00:06Z,230463,4868,2168,https://www.youtube.com/watch?v=OAvV4JYe3zI,0
oPHBapP-8QE,"George Simion, față în față cu Andreea Esca. Cum a răspuns la întrebarea ""Sunteți un om violent?""",2024-09-20T07:44:30Z,584808,6397,3710,https://www.youtube.com/watch?v=oPHBapP-8QE,0
OZGTW96epL0,DISCURSUL DE ÎNVINGĂTOR AL PREȘEDINTELUI NICUȘOR DAN. Știri B1TV_19 mai 2025,2025-05-18T21:55:45Z,9970,359,198,https://www.youtube.com/watch?v=OZGTW96epL0,0
peu06tceswg,MOMENTE: Rezultatele alegerilor (TURUL 1) | Codin reactioneaza,2025-05-08T10:01:40Z,58612,2413,139,https://www.youtube.com/watch?v=peu06tceswg,0
pIIEdXNTFtU,"Nicușor Dan, după rezultatele exit-poll: Trăim un moment de speranță",2025-05-18T18:23:36Z,65287,731,388,https://www.youtube.com/watch?v=pIIEdXNTFtU,0
P-sxENN-jgk,19 MAI 2025. Nu va fi deloc ușor: Nicușor Dan la Cotroceni,2025-05-19T16:59:19Z,205449,8050,882,https://www.youtube.com/watch?v=P-sxENN-jgk,0
PUqAovDZ98s,Analiza lui Theodor Paleologu. Ce spune victoria lui Nicușor Dan despre România,2025-05-19T07:15:31Z,243536,7325,757,https://www.youtube.com/watch?v=PUqAovDZ98s,0
QDhvawv-qmM,Rezultate oficiale alegeri prezidenţiale 2025 în timp real,2025-05-18T19:40:06Z,90505,713,748,https://www.youtube.com/watch?v=QDhvawv-qmM,0
rEFS9EMJT_8,CTP îi descrie pe N.Dan și pe Simion după dezbaterea de la congresul BNS. Știri B1TV_7 mai 2025,2025-05-07T20:09:27Z,47262,1536,842,https://www.youtube.com/watch?v=rEFS9EMJT_8,0
RqC5xXxOzSU,"Simion, întrebat de Mihai Gâdea de ce a lipsit de la dezbaterea Antena 3 CNN",2025-05-13T20:07:22Z,80168,850,894,https://www.youtube.com/watch?v=RqC5xXxOzSU,0
RRlMx2EACwM,"După Nicușor Dan, și George Simion și-a prezentat diploma de bacalaureat",2025-05-13T11:25:05Z,18304,0,414,https://www.youtube.com/watch?v=RRlMx2EACwM,0
s27Tvr3-Rf0,GEORGE SIMION fuge de dezbateri + apartamentul închiriat | Codin reactioneaza,2025-05-15T09:20:23Z,76035,3003,203,https://www.youtube.com/watch?v=s27Tvr3-Rf0,0
SFbUYL5KFOM,"Nicușor Dan, președinte! Ion Cristoiu, primele reacții la ""DDD"": “Dacă ieșea Simion…”",2025-05-19T12:34:18Z,15330,330,131,https://www.youtube.com/watch?v=SFbUYL5KFOM,0
sTm7urixFiE,George Simion recunoaște victoria lui Nicușor Dan! Liderul AUR: „Am fost singuri împotriva tuturor!”,2025-05-18T22:37:07Z,88887,2934,2454,https://www.youtube.com/watch?v=sTm7urixFiE,0
SvCfhI82Ivo,"Studio politic. George Simion și Nicușor Dan, invitați de Digi24 la dezbatere",2025-05-07T13:31:40Z,23861,0,200,https://www.youtube.com/watch?v=SvCfhI82Ivo,0
TSnqPiSfi-g,"George Simion, despre cum îl va pune premier pe Călin Georgescu, apartenența la UE și Nicușor Dan",2025-05-06T15:59:15Z,316326,6681,5143,https://www.youtube.com/watch?v=TSnqPiSfi-g,0
ttmW5jdCA2s,Stirile Kanal D - Victorie! Primele ore ale Romaniei oneste! | Editie de seara,2025-05-19T18:03:57Z,11330,121,83,https://www.youtube.com/watch?v=ttmW5jdCA2s,0
u4PIkl1IzAU,Atacuri și contre la dezbaterea dintre George Simion și Nicușor Dan,2025-05-09T08:02:46Z,67231,0,751,https://www.youtube.com/watch?v=u4PIkl1IzAU,0
UbDBybRO0Ic,"De unde au venit primele felicitări pentru Nicușor Dan, după victoria de duminică",2025-05-19T08:29:44Z,69683,1343,576,https://www.youtube.com/watch?v=UbDBybRO0Ic,0
Uxq5zht_0Ao,Nicușor Dan a depus jurământul. „Voi fi un președinte deschis la vocea societății”,2025-05-26T09:54:04Z,108927,0,1502,https://www.youtube.com/watch?v=Uxq5zht_0Ao,0
v4vUjuMz0GY,INTERVIU. „Am scăpat de «planul Trump»”,2025-05-19T13:45:34Z,172848,6548,825,https://www.youtube.com/watch?v=v4vUjuMz0GY,0
vnqWWljsuKc,Băsescu explică de ce Nicușor Dan are încă șanse să îl învingă pe Simion. B1TV_5 mai 2025,2025-05-05T19:23:02Z,14320,262,195,https://www.youtube.com/watch?v=vnqWWljsuKc,0
vorLtU23rK0,🔴 LIVE: Alegeri Prezidențiale 2025 – Turul 2 | Ora 19,2025-05-18T16:26:44Z,81904,0,170,https://www.youtube.com/watch?v=vorLtU23rK0,0
VZN4mdvF_OE,Imagini exclusive. Cum şi-a petrecut Nicuşor Dan zilele de sâmbătă şi duminică,2025-05-19T18:07:27Z,62294,1635,257,https://www.youtube.com/watch?v=VZN4mdvF_OE,0
w_hMgplBT9Y,Anamaria Gavrilă a pregătit strategia dacă Simion este înfrânt. A trimis pe WhatsApp instructajul,2025-05-16T18:46:29Z,155664,2727,1560,https://www.youtube.com/watch?v=w_hMgplBT9Y,0
W_tngdOxNA8,Ne duce Nicuşor Dan în război? Cum a răspuns noul preşedinte al României,2025-05-19T18:27:29Z,65903,1044,1283,https://www.youtube.com/watch?v=W_tngdOxNA8,0
w2JQ4ei3SqA,Fața nevăzută a noului președinte al României: O zi alături de Nicușor Dan și familia sa,2025-05-19T20:12:55Z,57168,856,204,https://www.youtube.com/watch?v=w2JQ4ei3SqA,0
WoyjL13xEao,Reportaj Recorder în noaptea alegerilor: Un președinte peste mai multe Românii,2025-05-20T10:56:36Z,729094,32762,6311,https://www.youtube.com/watch?v=WoyjL13xEao,0
x7hb0mh2Qac,Simion a plecat din țară în această dimineață,2025-05-19T09:07:38Z,53246,660,648,https://www.youtube.com/watch?v=x7hb0mh2Qac,0
xEfVp7Fa0j8,"Theodor Paleologu despre „efectul Simion”, victoria lui Nicușor Dan și jocurile BOR în politică",2025-05-26T06:50:26Z,105177,3950,332,https://www.youtube.com/watch?v=xEfVp7Fa0j8,0
XKsToC5ELoc,PORTRET DE CANDIDAT: Nicușor Dan,2025-04-24T08:45:56Z,1581530,41490,6586,https://www.youtube.com/watch?v=XKsToC5ELoc,0
XKsToC5ELoc,PORTRET DE CANDIDAT: Nicușor Dan,2025-04-24T08:45:56Z,1581530,41490,6586,https://www.youtube.com/watch?v=XKsToC5ELoc,0
xsWZP8MAefw,16 MAI 2025. Dilema din turul doi. Înainte? Înapoi?,2025-05-16T16:14:40Z,180878,6345,1078,https://www.youtube.com/watch?v=xsWZP8MAefw,0
ylbE99s2irs,CE SE ÎNTÂMPLĂ DUPĂ VICTORIA LUI NICUȘOR DAN,2025-05-06T10:20:09Z,61790,1603,177,https://www.youtube.com/watch?v=ylbE99s2irs,0
YUzxDHZdRJQ,"8 MAI 2025. Simion-Nicușor, prima dezbatere televizată",2025-05-08T16:54:36Z,127956,5040,721,https://www.youtube.com/watch?v=YUzxDHZdRJQ,0
Z47RqrSD4iI,"Nicușor Dan, viralizat după ce ""a apărut"" pe fumul alb care a anunțat alegerea Papei la Vatican",2025-05-20T06:25:58Z,6990,145,41,https://www.youtube.com/watch?v=Z47RqrSD4iI,0
ZLr5NkH2aJc,13 MAI 2025. Noi fapte din trecutul agitat al lui George Simion,2025-05-13T17:17:52Z,267380,9910,2850,https://www.youtube.com/watch?v=ZLr5NkH2aJc,0
-b0yl_knj9s,"România TV, acasă la Nicușor Dan. Primarul Capitalei nu se dă în lături de la treburile casnice",2025-05-12T07:25:04Z,109913,784,1755,https://www.youtube.com/watch?v=-b0yl_knj9s,0
